Date;Time;Eur/MWh
01.03.2026;00:00 - 00:15;65,78
01.03.2026;00:15 - 00:30;67,28
01.03.2026;00:30 - 00:45;64,81
01.03.2026;00:45 - 01:00;60,27
01.03.2026;01:00 - 01:15;73,43
01.03.2026;01:15 - 01:30;65,7
01.03.2026;01:30 - 01:45;62,5
01.03.2026;01:45 - 02:00;58,59
01.03.2026;02:00 - 02:15;63,77
01.03.2026;02:15 - 02:30;62,34
01.03.2026;02:30 - 02:45;64,37
01.03.2026;02:45 - 03:00;66,68
01.03.2026;03:00 - 03:15;60,74
01.03.2026;03:15 - 03:30;62,28
01.03.2026;03:30 - 03:45;65,99
01.03.2026;03:45 - 04:00;71,09
01.03.2026;04:00 - 04:15;59,27
01.03.2026;04:15 - 04:30;64,24
01.03.2026;04:30 - 04:45;72,36
01.03.2026;04:45 - 05:00;76,16
01.03.2026;05:00 - 05:15;69,48
01.03.2026;05:15 - 05:30;69,7
01.03.2026;05:30 - 05:45;70,56
01.03.2026;05:45 - 06:00;72,65
01.03.2026;06:00 - 06:15;65,17
01.03.2026;06:15 - 06:30;71,44
01.03.2026;06:30 - 06:45;73,86
01.03.2026;06:45 - 07:00;73,42
01.03.2026;07:00 - 07:15;72,98
01.03.2026;07:15 - 07:30;72,81
01.03.2026;07:30 - 07:45;71,22
01.03.2026;07:45 - 08:00;58,21
01.03.2026;08:00 - 08:15;71,31
01.03.2026;08:15 - 08:30;59,56
01.03.2026;08:30 - 08:45;47,88
01.03.2026;08:45 - 09:00;44,49
01.03.2026;09:00 - 09:15;50,5
01.03.2026;09:15 - 09:30;27,26
01.03.2026;09:30 - 09:45;11,13
01.03.2026;09:45 - 10:00;0,11
01.03.2026;10:00 - 10:15;0,86
01.03.2026;10:15 - 10:30;0
01.03.2026;10:30 - 10:45;-0,06
01.03.2026;10:45 - 11:00;-0,81
01.03.2026;11:00 - 11:15;0,01
01.03.2026;11:15 - 11:30;0
01.03.2026;11:30 - 11:45;-0,01
01.03.2026;11:45 - 12:00;-0,1
01.03.2026;12:00 - 12:15;-0,1
01.03.2026;12:15 - 12:30;-0,11
01.03.2026;12:30 - 12:45;-0,25
01.03.2026;12:45 - 13:00;-1
01.03.2026;13:00 - 13:15;-1,01
01.03.2026;13:15 - 13:30;-1,03
01.03.2026;13:30 - 13:45;-1
01.03.2026;13:45 - 14:00;-0,11
01.03.2026;14:00 - 14:15;-1
01.03.2026;14:15 - 14:30;-0,06
01.03.2026;14:30 - 14:45;0
01.03.2026;14:45 - 15:00;1,03
01.03.2026;15:00 - 15:15;0
01.03.2026;15:15 - 15:30;0,13
01.03.2026;15:30 - 15:45;36,79
01.03.2026;15:45 - 16:00;77,45
01.03.2026;16:00 - 16:15;40,98
01.03.2026;16:15 - 16:30;68,79
01.03.2026;16:30 - 16:45;105,1
01.03.2026;16:45 - 17:00;119,56
01.03.2026;17:00 - 17:15;102,9
01.03.2026;17:15 - 17:30;112,04
01.03.2026;17:30 - 17:45;124,27
01.03.2026;17:45 - 18:00;127,05
01.03.2026;18:00 - 18:15;117,89
01.03.2026;18:15 - 18:30;120,48
01.03.2026;18:30 - 18:45;122,14
01.03.2026;18:45 - 19:00;119,92
01.03.2026;19:00 - 19:15;114,82
01.03.2026;19:15 - 19:30;113,08
01.03.2026;19:30 - 19:45;108,91
01.03.2026;19:45 - 20:00;107,97
01.03.2026;20:00 - 20:15;110,82
01.03.2026;20:15 - 20:30;105,4
01.03.2026;20:30 - 20:45;101,79
01.03.2026;20:45 - 21:00;94,29
01.03.2026;21:00 - 21:15;101,73
01.03.2026;21:15 - 21:30;95,49
01.03.2026;21:30 - 21:45;94,03
01.03.2026;21:45 - 22:00;88,44
01.03.2026;22:00 - 22:15;100,9
01.03.2026;22:15 - 22:30;93,25
01.03.2026;22:30 - 22:45;88,6
01.03.2026;22:45 - 23:00;81,39
01.03.2026;23:00 - 23:15;85,03
01.03.2026;23:15 - 23:30;82,81
01.03.2026;23:30 - 23:45;78,46
01.03.2026;23:45 - 00:00;64,47
02.03.2026;00:00 - 00:15;84,31
02.03.2026;00:15 - 00:30;78,94
02.03.2026;00:30 - 00:45;77,74
02.03.2026;00:45 - 01:00;73,88
02.03.2026;01:00 - 01:15;76,66
02.03.2026;01:15 - 01:30;76,65
02.03.2026;01:30 - 01:45;74,75
02.03.2026;01:45 - 02:00;76,05
02.03.2026;02:00 - 02:15;75,04
02.03.2026;02:15 - 02:30;74,5
02.03.2026;02:30 - 02:45;75,75
02.03.2026;02:45 - 03:00;75,32
02.03.2026;03:00 - 03:15;75,89
02.03.2026;03:15 - 03:30;74,04
02.03.2026;03:30 - 03:45;74,11
02.03.2026;03:45 - 04:00;78,8
02.03.2026;04:00 - 04:15;74,01
02.03.2026;04:15 - 04:30;76,68
02.03.2026;04:30 - 04:45;84,82
02.03.2026;04:45 - 05:00;90,49
02.03.2026;05:00 - 05:15;87,35
02.03.2026;05:15 - 05:30;92,49
02.03.2026;05:30 - 05:45;99,5
02.03.2026;05:45 - 06:00;112,29
02.03.2026;06:00 - 06:15;105,7
02.03.2026;06:15 - 06:30;114,97
02.03.2026;06:30 - 06:45;131,54
02.03.2026;06:45 - 07:00;144,35
02.03.2026;07:00 - 07:15;150,41
02.03.2026;07:15 - 07:30;177,77
02.03.2026;07:30 - 07:45;152,18
02.03.2026;07:45 - 08:00;129,53
02.03.2026;08:00 - 08:15;189,85
02.03.2026;08:15 - 08:30;129,53
02.03.2026;08:30 - 08:45;115,42
02.03.2026;08:45 - 09:00;92,24
02.03.2026;09:00 - 09:15;121,57
02.03.2026;09:15 - 09:30;105,99
02.03.2026;09:30 - 09:45;90,71
02.03.2026;09:45 - 10:00;63,35
02.03.2026;10:00 - 10:15;89,63
02.03.2026;10:15 - 10:30;80,83
02.03.2026;10:30 - 10:45;73,88
02.03.2026;10:45 - 11:00;56,47
02.03.2026;11:00 - 11:15;83,85
02.03.2026;11:15 - 11:30;71,65
02.03.2026;11:30 - 11:45;52,54
02.03.2026;11:45 - 12:00;21,88
02.03.2026;12:00 - 12:15;46
02.03.2026;12:15 - 12:30;38,39
02.03.2026;12:30 - 12:45;23,27
02.03.2026;12:45 - 13:00;18,16
02.03.2026;13:00 - 13:15;20,26
02.03.2026;13:15 - 13:30;34,46
02.03.2026;13:30 - 13:45;50,59
02.03.2026;13:45 - 14:00;71,31
02.03.2026;14:00 - 14:15;16,33
02.03.2026;14:15 - 14:30;73,48
02.03.2026;14:30 - 14:45;90,37
02.03.2026;14:45 - 15:00;99
02.03.2026;15:00 - 15:15;74,26
02.03.2026;15:15 - 15:30;81,6
02.03.2026;15:30 - 15:45;94,53
02.03.2026;15:45 - 16:00;119,2
02.03.2026;16:00 - 16:15;86,16
02.03.2026;16:15 - 16:30;111,42
02.03.2026;16:30 - 16:45;134,17
02.03.2026;16:45 - 17:00;172,84
02.03.2026;17:00 - 17:15;124,86
02.03.2026;17:15 - 17:30;139,08
02.03.2026;17:30 - 17:45;192,3
02.03.2026;17:45 - 18:00;313,6
02.03.2026;18:00 - 18:15;248,2
02.03.2026;18:15 - 18:30;238,88
02.03.2026;18:30 - 18:45;179,11
02.03.2026;18:45 - 19:00;163,24
02.03.2026;19:00 - 19:15;226,32
02.03.2026;19:15 - 19:30;162,56
02.03.2026;19:30 - 19:45;145,77
02.03.2026;19:45 - 20:00;135,73
02.03.2026;20:00 - 20:15;146,39
02.03.2026;20:15 - 20:30;133,74
02.03.2026;20:30 - 20:45;126,11
02.03.2026;20:45 - 21:00;119,42
02.03.2026;21:00 - 21:15;131,05
02.03.2026;21:15 - 21:30;122,52
02.03.2026;21:30 - 21:45;112,88
02.03.2026;21:45 - 22:00;99,17
02.03.2026;22:00 - 22:15;115,72
02.03.2026;22:15 - 22:30;110,59
02.03.2026;22:30 - 22:45;101,93
02.03.2026;22:45 - 23:00;95,41
02.03.2026;23:00 - 23:15;98,86
02.03.2026;23:15 - 23:30;94,28
02.03.2026;23:30 - 23:45;92,58
02.03.2026;23:45 - 00:00;92,82
03.03.2026;00:00 - 00:15;99,96
03.03.2026;00:15 - 00:30;94,29
03.03.2026;00:30 - 00:45;92,89
03.03.2026;00:45 - 01:00;92,79
03.03.2026;01:00 - 01:15;93,99
03.03.2026;01:15 - 01:30;95,9
03.03.2026;01:30 - 01:45;95,67
03.03.2026;01:45 - 02:00;97
03.03.2026;02:00 - 02:15;93,97
03.03.2026;02:15 - 02:30;95,7
03.03.2026;02:30 - 02:45;97,93
03.03.2026;02:45 - 03:00;98,07
03.03.2026;03:00 - 03:15;101,05
03.03.2026;03:15 - 03:30;98,74
03.03.2026;03:30 - 03:45;102,73
03.03.2026;03:45 - 04:00;103,04
03.03.2026;04:00 - 04:15;102,51
03.03.2026;04:15 - 04:30;103,08
03.03.2026;04:30 - 04:45;103,12
03.03.2026;04:45 - 05:00;107,95
03.03.2026;05:00 - 05:15;99,95
03.03.2026;05:15 - 05:30;106,56
03.03.2026;05:30 - 05:45;111,92
03.03.2026;05:45 - 06:00;124,3
03.03.2026;06:00 - 06:15;116,31
03.03.2026;06:15 - 06:30;127,7
03.03.2026;06:30 - 06:45;135,93
03.03.2026;06:45 - 07:00;184,1
03.03.2026;07:00 - 07:15;171,44
03.03.2026;07:15 - 07:30;164,69
03.03.2026;07:30 - 07:45;160,84
03.03.2026;07:45 - 08:00;132,93
03.03.2026;08:00 - 08:15;194,53
03.03.2026;08:15 - 08:30;136,23
03.03.2026;08:30 - 08:45;117
03.03.2026;08:45 - 09:00;91,68
03.03.2026;09:00 - 09:15;129
03.03.2026;09:15 - 09:30;100,15
03.03.2026;09:30 - 09:45;90,75
03.03.2026;09:45 - 10:00;80,66
03.03.2026;10:00 - 10:15;100,16
03.03.2026;10:15 - 10:30;92,01
03.03.2026;10:30 - 10:45;85,14
03.03.2026;10:45 - 11:00;54,92
03.03.2026;11:00 - 11:15;88,3
03.03.2026;11:15 - 11:30;70,62
03.03.2026;11:30 - 11:45;46,31
03.03.2026;11:45 - 12:00;32,65
03.03.2026;12:00 - 12:15;47,72
03.03.2026;12:15 - 12:30;35,67
03.03.2026;12:30 - 12:45;26,01
03.03.2026;12:45 - 13:00;23,55
03.03.2026;13:00 - 13:15;23,66
03.03.2026;13:15 - 13:30;25,88
03.03.2026;13:30 - 13:45;43,81
03.03.2026;13:45 - 14:00;61,78
03.03.2026;14:00 - 14:15;35,5
03.03.2026;14:15 - 14:30;56,77
03.03.2026;14:30 - 14:45;85,21
03.03.2026;14:45 - 15:00;100,12
03.03.2026;15:00 - 15:15;67,98
03.03.2026;15:15 - 15:30;85,54
03.03.2026;15:30 - 15:45;98,55
03.03.2026;15:45 - 16:00;119,79
03.03.2026;16:00 - 16:15;86,43
03.03.2026;16:15 - 16:30;101,72
03.03.2026;16:30 - 16:45;122,74
03.03.2026;16:45 - 17:00;170,3
03.03.2026;17:00 - 17:15;87,38
03.03.2026;17:15 - 17:30;117,41
03.03.2026;17:30 - 17:45;154,78
03.03.2026;17:45 - 18:00;211,35
03.03.2026;18:00 - 18:15;162,28
03.03.2026;18:15 - 18:30;173,36
03.03.2026;18:30 - 18:45;194,19
03.03.2026;18:45 - 19:00;197,14
03.03.2026;19:00 - 19:15;223,23
03.03.2026;19:15 - 19:30;181,02
03.03.2026;19:30 - 19:45;158,95
03.03.2026;19:45 - 20:00;125,06
03.03.2026;20:00 - 20:15;143,27
03.03.2026;20:15 - 20:30;131,16
03.03.2026;20:30 - 20:45;117,19
03.03.2026;20:45 - 21:00;107,85
03.03.2026;21:00 - 21:15;132,84
03.03.2026;21:15 - 21:30;126,28
03.03.2026;21:30 - 21:45;121,86
03.03.2026;21:45 - 22:00;110,12
03.03.2026;22:00 - 22:15;128,81
03.03.2026;22:15 - 22:30;119,27
03.03.2026;22:30 - 22:45;112,44
03.03.2026;22:45 - 23:00;109,03
03.03.2026;23:00 - 23:15;118,86
03.03.2026;23:15 - 23:30;112,47
03.03.2026;23:30 - 23:45;108,76
03.03.2026;23:45 - 00:00;105,19
04.03.2026;00:00 - 00:15;148,89
04.03.2026;00:15 - 00:30;145,18
04.03.2026;00:30 - 00:45;137,93
04.03.2026;00:45 - 01:00;127,92
04.03.2026;01:00 - 01:15;149,81
04.03.2026;01:15 - 01:30;138,97
04.03.2026;01:30 - 01:45;137,93
04.03.2026;01:45 - 02:00;136,21
04.03.2026;02:00 - 02:15;137,91
04.03.2026;02:15 - 02:30;136,22
04.03.2026;02:30 - 02:45;134,92
04.03.2026;02:45 - 03:00;133,88
04.03.2026;03:00 - 03:15;134,68
04.03.2026;03:15 - 03:30;135,11
04.03.2026;03:30 - 03:45;135,09
04.03.2026;03:45 - 04:00;134,99
04.03.2026;04:00 - 04:15;134,81
04.03.2026;04:15 - 04:30;135,4
04.03.2026;04:30 - 04:45;138,88
04.03.2026;04:45 - 05:00;141,85
04.03.2026;05:00 - 05:15;137,97
04.03.2026;05:15 - 05:30;148,67
04.03.2026;05:30 - 05:45;151,98
04.03.2026;05:45 - 06:00;179,34
04.03.2026;06:00 - 06:15;145,69
04.03.2026;06:15 - 06:30;161,2
04.03.2026;06:30 - 06:45;225,93
04.03.2026;06:45 - 07:00;320,55
04.03.2026;07:00 - 07:15;304,5
04.03.2026;07:15 - 07:30;314,95
04.03.2026;07:30 - 07:45;225,9
04.03.2026;07:45 - 08:00;176,29
04.03.2026;08:00 - 08:15;274,24
04.03.2026;08:15 - 08:30;137,99
04.03.2026;08:30 - 08:45;116,28
04.03.2026;08:45 - 09:00;84,1
04.03.2026;09:00 - 09:15;125,07
04.03.2026;09:15 - 09:30;106
04.03.2026;09:30 - 09:45;85,06
04.03.2026;09:45 - 10:00;56,71
04.03.2026;10:00 - 10:15;102,36
04.03.2026;10:15 - 10:30;60,94
04.03.2026;10:30 - 10:45;71,87
04.03.2026;10:45 - 11:00;33,18
04.03.2026;11:00 - 11:15;101,05
04.03.2026;11:15 - 11:30;39,63
04.03.2026;11:30 - 11:45;19,02
04.03.2026;11:45 - 12:00;13,07
04.03.2026;12:00 - 12:15;47,15
04.03.2026;12:15 - 12:30;34,62
04.03.2026;12:30 - 12:45;37,27
04.03.2026;12:45 - 13:00;35,03
04.03.2026;13:00 - 13:15;42,69
04.03.2026;13:15 - 13:30;34,92
04.03.2026;13:30 - 13:45;39,87
04.03.2026;13:45 - 14:00;44,13
04.03.2026;14:00 - 14:15;27,72
04.03.2026;14:15 - 14:30;61,65
04.03.2026;14:30 - 14:45;84,95
04.03.2026;14:45 - 15:00;108,11
04.03.2026;15:00 - 15:15;76,5
04.03.2026;15:15 - 15:30;100,3
04.03.2026;15:30 - 15:45;109,56
04.03.2026;15:45 - 16:00;139,73
04.03.2026;16:00 - 16:15;97,81
04.03.2026;16:15 - 16:30;119,44
04.03.2026;16:30 - 16:45;145,11
04.03.2026;16:45 - 17:00;213,18
04.03.2026;17:00 - 17:15;112,81
04.03.2026;17:15 - 17:30;150,59
04.03.2026;17:30 - 17:45;211,18
04.03.2026;17:45 - 18:00;370,1
04.03.2026;18:00 - 18:15;245,71
04.03.2026;18:15 - 18:30;291,29
04.03.2026;18:30 - 18:45;298,98
04.03.2026;18:45 - 19:00;252,89
04.03.2026;19:00 - 19:15;297,63
04.03.2026;19:15 - 19:30;222,38
04.03.2026;19:30 - 19:45;210,57
04.03.2026;19:45 - 20:00;185,68
04.03.2026;20:00 - 20:15;193,6
04.03.2026;20:15 - 20:30;172
04.03.2026;20:30 - 20:45;159,29
04.03.2026;20:45 - 21:00;151,34
04.03.2026;21:00 - 21:15;179,71
04.03.2026;21:15 - 21:30;164,75
04.03.2026;21:30 - 21:45;154,61
04.03.2026;21:45 - 22:00;137,65
04.03.2026;22:00 - 22:15;165,32
04.03.2026;22:15 - 22:30;157,11
04.03.2026;22:30 - 22:45;145,47
04.03.2026;22:45 - 23:00;127,95
04.03.2026;23:00 - 23:15;146,67
04.03.2026;23:15 - 23:30;137,93
04.03.2026;23:30 - 23:45;124,48
04.03.2026;23:45 - 00:00;113,58
05.03.2026;00:00 - 00:15;135,68
05.03.2026;00:15 - 00:30;116,28
05.03.2026;00:30 - 00:45;112,49
05.03.2026;00:45 - 01:00;112,25
05.03.2026;01:00 - 01:15;115,1
05.03.2026;01:15 - 01:30;113,38
05.03.2026;01:30 - 01:45;112,54
05.03.2026;01:45 - 02:00;112,33
05.03.2026;02:00 - 02:15;112,47
05.03.2026;02:15 - 02:30;112,81
05.03.2026;02:30 - 02:45;112,65
05.03.2026;02:45 - 03:00;112,9
05.03.2026;03:00 - 03:15;112,64
05.03.2026;03:15 - 03:30;113,12
05.03.2026;03:30 - 03:45;113,94
05.03.2026;03:45 - 04:00;114,25
05.03.2026;04:00 - 04:15;114,45
05.03.2026;04:15 - 04:30;114,99
05.03.2026;04:30 - 04:45;114,49
05.03.2026;04:45 - 05:00;119,15
05.03.2026;05:00 - 05:15;111,93
05.03.2026;05:15 - 05:30;115,26
05.03.2026;05:30 - 05:45;143,59
05.03.2026;05:45 - 06:00;155,72
05.03.2026;06:00 - 06:15;130,68
05.03.2026;06:15 - 06:30;159,81
05.03.2026;06:30 - 06:45;173,59
05.03.2026;06:45 - 07:00;173,48
05.03.2026;07:00 - 07:15;203,26
05.03.2026;07:15 - 07:30;189,48
05.03.2026;07:30 - 07:45;160
05.03.2026;07:45 - 08:00;146,5
05.03.2026;08:00 - 08:15;176,43
05.03.2026;08:15 - 08:30;149,94
05.03.2026;08:30 - 08:45;133,55
05.03.2026;08:45 - 09:00;100,44
05.03.2026;09:00 - 09:15;132,9
05.03.2026;09:15 - 09:30;99,11
05.03.2026;09:30 - 09:45;89,79
05.03.2026;09:45 - 10:00;70,85
05.03.2026;10:00 - 10:15;100,49
05.03.2026;10:15 - 10:30;73,14
05.03.2026;10:30 - 10:45;67,03
05.03.2026;10:45 - 11:00;29,7
05.03.2026;11:00 - 11:15;62,14
05.03.2026;11:15 - 11:30;27,79
05.03.2026;11:30 - 11:45;16,61
05.03.2026;11:45 - 12:00;8,14
05.03.2026;12:00 - 12:15;11,61
05.03.2026;12:15 - 12:30;8,01
05.03.2026;12:30 - 12:45;7,28
05.03.2026;12:45 - 13:00;7,28
05.03.2026;13:00 - 13:15;0,57
05.03.2026;13:15 - 13:30;1,72
05.03.2026;13:30 - 13:45;1,25
05.03.2026;13:45 - 14:00;9,83
05.03.2026;14:00 - 14:15;9,52
05.03.2026;14:15 - 14:30;32,18
05.03.2026;14:30 - 14:45;39,86
05.03.2026;14:45 - 15:00;75,36
05.03.2026;15:00 - 15:15;60,68
05.03.2026;15:15 - 15:30;90,93
05.03.2026;15:30 - 15:45;102,11
05.03.2026;15:45 - 16:00;124,47
05.03.2026;16:00 - 16:15;94,65
05.03.2026;16:15 - 16:30;125,48
05.03.2026;16:30 - 16:45;151,37
05.03.2026;16:45 - 17:00;205,75
05.03.2026;17:00 - 17:15;121,98
05.03.2026;17:15 - 17:30;152,91
05.03.2026;17:30 - 17:45;173,17
05.03.2026;17:45 - 18:00;207,89
05.03.2026;18:00 - 18:15;201,85
05.03.2026;18:15 - 18:30;189,95
05.03.2026;18:30 - 18:45;185
05.03.2026;18:45 - 19:00;183,84
05.03.2026;19:00 - 19:15;189,9
05.03.2026;19:15 - 19:30;180,38
05.03.2026;19:30 - 19:45;169,96
05.03.2026;19:45 - 20:00;161,85
05.03.2026;20:00 - 20:15;161,54
05.03.2026;20:15 - 20:30;152,17
05.03.2026;20:30 - 20:45;149,9
05.03.2026;20:45 - 21:00;134,25
05.03.2026;21:00 - 21:15;157,15
05.03.2026;21:15 - 21:30;148,88
05.03.2026;21:30 - 21:45;131,91
05.03.2026;21:45 - 22:00;115,7
05.03.2026;22:00 - 22:15;143,08
05.03.2026;22:15 - 22:30;137,41
05.03.2026;22:30 - 22:45;134,77
05.03.2026;22:45 - 23:00;131,8
05.03.2026;23:00 - 23:15;138,28
05.03.2026;23:15 - 23:30;128,7
05.03.2026;23:30 - 23:45;125,19
05.03.2026;23:45 - 00:00;118,91
06.03.2026;00:00 - 00:15;106,67
06.03.2026;00:15 - 00:30;110,55
06.03.2026;00:30 - 00:45;110,7
06.03.2026;00:45 - 01:00;110,69
06.03.2026;01:00 - 01:15;111,09
06.03.2026;01:15 - 01:30;111,77
06.03.2026;01:30 - 01:45;112,15
06.03.2026;01:45 - 02:00;111,98
06.03.2026;02:00 - 02:15;115,24
06.03.2026;02:15 - 02:30;115,24
06.03.2026;02:30 - 02:45;115,12
06.03.2026;02:45 - 03:00;115,31
06.03.2026;03:00 - 03:15;115,04
06.03.2026;03:15 - 03:30;114,83
06.03.2026;03:30 - 03:45;115,73
06.03.2026;03:45 - 04:00;117,77
06.03.2026;04:00 - 04:15;116,63
06.03.2026;04:15 - 04:30;116,98
06.03.2026;04:30 - 04:45;125,85
06.03.2026;04:45 - 05:00;130,94
06.03.2026;05:00 - 05:15;121,25
06.03.2026;05:15 - 05:30;128,52
06.03.2026;05:30 - 05:45;141,8
06.03.2026;05:45 - 06:00;159,99
06.03.2026;06:00 - 06:15;135,18
06.03.2026;06:15 - 06:30;158,3
06.03.2026;06:30 - 06:45;168,04
06.03.2026;06:45 - 07:00;175,04
06.03.2026;07:00 - 07:15;193,98
06.03.2026;07:15 - 07:30;176,39
06.03.2026;07:30 - 07:45;149,43
06.03.2026;07:45 - 08:00;118,06
06.03.2026;08:00 - 08:15;191,74
06.03.2026;08:15 - 08:30;154
06.03.2026;08:30 - 08:45;118,71
06.03.2026;08:45 - 09:00;71,4
06.03.2026;09:00 - 09:15;151,92
06.03.2026;09:15 - 09:30;104,82
06.03.2026;09:30 - 09:45;55,05
06.03.2026;09:45 - 10:00;18,97
06.03.2026;10:00 - 10:15;135,48
06.03.2026;10:15 - 10:30;97,46
06.03.2026;10:30 - 10:45;100,13
06.03.2026;10:45 - 11:00;66,81
06.03.2026;11:00 - 11:15;1,37
06.03.2026;11:15 - 11:30;0,01
06.03.2026;11:30 - 11:45;0,01
06.03.2026;11:45 - 12:00;-1,99
06.03.2026;12:00 - 12:15;19,1
06.03.2026;12:15 - 12:30;8,84
06.03.2026;12:30 - 12:45;10,89
06.03.2026;12:45 - 13:00;13,98
06.03.2026;13:00 - 13:15;2,97
06.03.2026;13:15 - 13:30;8,31
06.03.2026;13:30 - 13:45;10,77
06.03.2026;13:45 - 14:00;17,27
06.03.2026;14:00 - 14:15;18,76
06.03.2026;14:15 - 14:30;48,1
06.03.2026;14:30 - 14:45;52,17
06.03.2026;14:45 - 15:00;71,37
06.03.2026;15:00 - 15:15;49,71
06.03.2026;15:15 - 15:30;77,45
06.03.2026;15:30 - 15:45;108,77
06.03.2026;15:45 - 16:00;138,07
06.03.2026;16:00 - 16:15;87,39
06.03.2026;16:15 - 16:30;125,63
06.03.2026;16:30 - 16:45;143,82
06.03.2026;16:45 - 17:00;179,09
06.03.2026;17:00 - 17:15;104,25
06.03.2026;17:15 - 17:30;137,25
06.03.2026;17:30 - 17:45;165,6
06.03.2026;17:45 - 18:00;206,92
06.03.2026;18:00 - 18:15;200,61
06.03.2026;18:15 - 18:30;219,39
06.03.2026;18:30 - 18:45;196,3
06.03.2026;18:45 - 19:00;188,73
06.03.2026;19:00 - 19:15;219,28
06.03.2026;19:15 - 19:30;178,55
06.03.2026;19:30 - 19:45;161,84
06.03.2026;19:45 - 20:00;154,89
06.03.2026;20:00 - 20:15;158,52
06.03.2026;20:15 - 20:30;149,61
06.03.2026;20:30 - 20:45;143,85
06.03.2026;20:45 - 21:00;123,96
06.03.2026;21:00 - 21:15;156,29
06.03.2026;21:15 - 21:30;145,77
06.03.2026;21:30 - 21:45;130,93
06.03.2026;21:45 - 22:00;117,12
06.03.2026;22:00 - 22:15;140,85
06.03.2026;22:15 - 22:30;131,35
06.03.2026;22:30 - 22:45;130,91
06.03.2026;22:45 - 23:00;122,25
06.03.2026;23:00 - 23:15;141,69
06.03.2026;23:15 - 23:30;131,96
06.03.2026;23:30 - 23:45;129,41
06.03.2026;23:45 - 00:00;121,66
07.03.2026;00:00 - 00:15;148,66
07.03.2026;00:15 - 00:30;144,11
07.03.2026;00:30 - 00:45;140,94
07.03.2026;00:45 - 01:00;138,27
07.03.2026;01:00 - 01:15;146
07.03.2026;01:15 - 01:30;140,93
07.03.2026;01:30 - 01:45;134,93
07.03.2026;01:45 - 02:00;130,94
07.03.2026;02:00 - 02:15;137,72
07.03.2026;02:15 - 02:30;132,59
07.03.2026;02:30 - 02:45;131,98
07.03.2026;02:45 - 03:00;130,99
07.03.2026;03:00 - 03:15;135,18
07.03.2026;03:15 - 03:30;133,41
07.03.2026;03:30 - 03:45;131,87
07.03.2026;03:45 - 04:00;131,96
07.03.2026;04:00 - 04:15;131,94
07.03.2026;04:15 - 04:30;133,24
07.03.2026;04:30 - 04:45;133,65
07.03.2026;04:45 - 05:00;136,89
07.03.2026;05:00 - 05:15;133,8
07.03.2026;05:15 - 05:30;138,47
07.03.2026;05:30 - 05:45;139,09
07.03.2026;05:45 - 06:00;144,25
07.03.2026;06:00 - 06:15;140,58
07.03.2026;06:15 - 06:30;148,31
07.03.2026;06:30 - 06:45;151,08
07.03.2026;06:45 - 07:00;138,93
07.03.2026;07:00 - 07:15;155,23
07.03.2026;07:15 - 07:30;142,51
07.03.2026;07:30 - 07:45;135,24
07.03.2026;07:45 - 08:00;110,04
07.03.2026;08:00 - 08:15;141,91
07.03.2026;08:15 - 08:30;134,95
07.03.2026;08:30 - 08:45;120,18
07.03.2026;08:45 - 09:00;109,32
07.03.2026;09:00 - 09:15;8,05
07.03.2026;09:15 - 09:30;4,99
07.03.2026;09:30 - 09:45;2,97
07.03.2026;09:45 - 10:00;-5
07.03.2026;10:00 - 10:15;-5
07.03.2026;10:15 - 10:30;-6,26
07.03.2026;10:30 - 10:45;-5,01
07.03.2026;10:45 - 11:00;-5
07.03.2026;11:00 - 11:15;12,48
07.03.2026;11:15 - 11:30;4,9
07.03.2026;11:30 - 11:45;1,69
07.03.2026;11:45 - 12:00;0,85
07.03.2026;12:00 - 12:15;-4,78
07.03.2026;12:15 - 12:30;-5,01
07.03.2026;12:30 - 12:45;-5,01
07.03.2026;12:45 - 13:00;-5,01
07.03.2026;13:00 - 13:15;-1,82
07.03.2026;13:15 - 13:30;-0,52
07.03.2026;13:30 - 13:45;-0,01
07.03.2026;13:45 - 14:00;-0,01
07.03.2026;14:00 - 14:15;-0,38
07.03.2026;14:15 - 14:30;-1,47
07.03.2026;14:30 - 14:45;22,94
07.03.2026;14:45 - 15:00;34
07.03.2026;15:00 - 15:15;35
07.03.2026;15:15 - 15:30;81,26
07.03.2026;15:30 - 15:45;102,71
07.03.2026;15:45 - 16:00;136,39
07.03.2026;16:00 - 16:15;87,08
07.03.2026;16:15 - 16:30;124,49
07.03.2026;16:30 - 16:45;158
07.03.2026;16:45 - 17:00;178,6
07.03.2026;17:00 - 17:15;115,94
07.03.2026;17:15 - 17:30;124,93
07.03.2026;17:30 - 17:45;141,99
07.03.2026;17:45 - 18:00;177,27
07.03.2026;18:00 - 18:15;153,57
07.03.2026;18:15 - 18:30;161,25
07.03.2026;18:30 - 18:45;176,94
07.03.2026;18:45 - 19:00;171,88
07.03.2026;19:00 - 19:15;173,55
07.03.2026;19:15 - 19:30;162,95
07.03.2026;19:30 - 19:45;158,71
07.03.2026;19:45 - 20:00;146,98
07.03.2026;20:00 - 20:15;159,77
07.03.2026;20:15 - 20:30;153,91
07.03.2026;20:30 - 20:45;147,07
07.03.2026;20:45 - 21:00;140,06
07.03.2026;21:00 - 21:15;151,69
07.03.2026;21:15 - 21:30;146,63
07.03.2026;21:30 - 21:45;142,8
07.03.2026;21:45 - 22:00;133,68
07.03.2026;22:00 - 22:15;147,33
07.03.2026;22:15 - 22:30;138,67
07.03.2026;22:30 - 22:45;134,67
07.03.2026;22:45 - 23:00;134,11
07.03.2026;23:00 - 23:15;149,86
07.03.2026;23:15 - 23:30;135,9
07.03.2026;23:30 - 23:45;130,94
07.03.2026;23:45 - 00:00;124,94
08.03.2026;00:00 - 00:15;149,5
08.03.2026;00:15 - 00:30;140,93
08.03.2026;00:30 - 00:45;134,83
08.03.2026;00:45 - 01:00;133,24
08.03.2026;01:00 - 01:15;144,09
08.03.2026;01:15 - 01:30;139,52
08.03.2026;01:30 - 01:45;134,3
08.03.2026;01:45 - 02:00;130,48
08.03.2026;02:00 - 02:15;138,84
08.03.2026;02:15 - 02:30;138,39
08.03.2026;02:30 - 02:45;134,66
08.03.2026;02:45 - 03:00;131,96
08.03.2026;03:00 - 03:15;138,01
08.03.2026;03:15 - 03:30;135,57
08.03.2026;03:30 - 03:45;135,96
08.03.2026;03:45 - 04:00;132,53
08.03.2026;04:00 - 04:15;134,79
08.03.2026;04:15 - 04:30;134,48
08.03.2026;04:30 - 04:45;134,9
08.03.2026;04:45 - 05:00;135,86
08.03.2026;05:00 - 05:15;135,4
08.03.2026;05:15 - 05:30;132,53
08.03.2026;05:30 - 05:45;135,34
08.03.2026;05:45 - 06:00;137,05
08.03.2026;06:00 - 06:15;136,52
08.03.2026;06:15 - 06:30;140,91
08.03.2026;06:30 - 06:45;134,59
08.03.2026;06:45 - 07:00;131,71
08.03.2026;07:00 - 07:15;143,6
08.03.2026;07:15 - 07:30;131,65
08.03.2026;07:30 - 07:45;110,63
08.03.2026;07:45 - 08:00;91,83
08.03.2026;08:00 - 08:15;128,55
08.03.2026;08:15 - 08:30;117,51
08.03.2026;08:30 - 08:45;120,85
08.03.2026;08:45 - 09:00;96,2
08.03.2026;09:00 - 09:15;24,61
08.03.2026;09:15 - 09:30;48,25
08.03.2026;09:30 - 09:45;31,72
08.03.2026;09:45 - 10:00;22,57
08.03.2026;10:00 - 10:15;11,04
08.03.2026;10:15 - 10:30;0,44
08.03.2026;10:30 - 10:45;5,35
08.03.2026;10:45 - 11:00;7,33
08.03.2026;11:00 - 11:15;-1,9
08.03.2026;11:15 - 11:30;-1,8
08.03.2026;11:30 - 11:45;-2,82
08.03.2026;11:45 - 12:00;-2,34
08.03.2026;12:00 - 12:15;-4,72
08.03.2026;12:15 - 12:30;-5
08.03.2026;12:30 - 12:45;-5,01
08.03.2026;12:45 - 13:00;-2,67
08.03.2026;13:00 - 13:15;-0,5
08.03.2026;13:15 - 13:30;-0,13
08.03.2026;13:30 - 13:45;-0,01
08.03.2026;13:45 - 14:00;0
08.03.2026;14:00 - 14:15;0
08.03.2026;14:15 - 14:30;0
08.03.2026;14:30 - 14:45;8,01
08.03.2026;14:45 - 15:00;18,46
08.03.2026;15:00 - 15:15;15,57
08.03.2026;15:15 - 15:30;41,88
08.03.2026;15:30 - 15:45;92,56
08.03.2026;15:45 - 16:00;125,41
08.03.2026;16:00 - 16:15;76,18
08.03.2026;16:15 - 16:30;116,57
08.03.2026;16:30 - 16:45;147,88
08.03.2026;16:45 - 17:00;168,38
08.03.2026;17:00 - 17:15;127,81
08.03.2026;17:15 - 17:30;141,9
08.03.2026;17:30 - 17:45;151,54
08.03.2026;17:45 - 18:00;169,65
08.03.2026;18:00 - 18:15;149,82
08.03.2026;18:15 - 18:30;151,33
08.03.2026;18:30 - 18:45;151,96
08.03.2026;18:45 - 19:00;170,79
08.03.2026;19:00 - 19:15;160,2
08.03.2026;19:15 - 19:30;150,87
08.03.2026;19:30 - 19:45;155,14
08.03.2026;19:45 - 20:00;150
08.03.2026;20:00 - 20:15;150,84
08.03.2026;20:15 - 20:30;141,91
08.03.2026;20:30 - 20:45;136,19
08.03.2026;20:45 - 21:00;128,03
08.03.2026;21:00 - 21:15;142
08.03.2026;21:15 - 21:30;134,68
08.03.2026;21:30 - 21:45;131,92
08.03.2026;21:45 - 22:00;121,6
08.03.2026;22:00 - 22:15;140,29
08.03.2026;22:15 - 22:30;127,59
08.03.2026;22:30 - 22:45;124,11
08.03.2026;22:45 - 23:00;122,51
08.03.2026;23:00 - 23:15;127,18
08.03.2026;23:15 - 23:30;120,85
08.03.2026;23:30 - 23:45;120,18
08.03.2026;23:45 - 00:00;111,19
09.03.2026;00:00 - 00:15;128,73
09.03.2026;00:15 - 00:30;119,37
09.03.2026;00:30 - 00:45;117,09
09.03.2026;00:45 - 01:00;110,5
09.03.2026;01:00 - 01:15;115,27
09.03.2026;01:15 - 01:30;112,79
09.03.2026;01:30 - 01:45;109,83
09.03.2026;01:45 - 02:00;106,85
09.03.2026;02:00 - 02:15;107,74
09.03.2026;02:15 - 02:30;107,41
09.03.2026;02:30 - 02:45;109,57
09.03.2026;02:45 - 03:00;110,88
09.03.2026;03:00 - 03:15;111,12
09.03.2026;03:15 - 03:30;111,98
09.03.2026;03:30 - 03:45;112,4
09.03.2026;03:45 - 04:00;114,64
09.03.2026;04:00 - 04:15;117,46
09.03.2026;04:15 - 04:30;115,58
09.03.2026;04:30 - 04:45;120,44
09.03.2026;04:45 - 05:00;128,86
09.03.2026;05:00 - 05:15;114,52
09.03.2026;05:15 - 05:30;129,08
09.03.2026;05:30 - 05:45;146,48
09.03.2026;05:45 - 06:00;170,76
09.03.2026;06:00 - 06:15;140,92
09.03.2026;06:15 - 06:30;157,64
09.03.2026;06:30 - 06:45;185,74
09.03.2026;06:45 - 07:00;186,88
09.03.2026;07:00 - 07:15;207,1
09.03.2026;07:15 - 07:30;205,84
09.03.2026;07:30 - 07:45;179,59
09.03.2026;07:45 - 08:00;150
09.03.2026;08:00 - 08:15;211,93
09.03.2026;08:15 - 08:30;169,46
09.03.2026;08:30 - 08:45;145,49
09.03.2026;08:45 - 09:00;78,65
09.03.2026;09:00 - 09:15;169,27
09.03.2026;09:15 - 09:30;110,98
09.03.2026;09:30 - 09:45;75,36
09.03.2026;09:45 - 10:00;5
09.03.2026;10:00 - 10:15;99,63
09.03.2026;10:15 - 10:30;93,95
09.03.2026;10:30 - 10:45;82,88
09.03.2026;10:45 - 11:00;75,47
09.03.2026;11:00 - 11:15;81,46
09.03.2026;11:15 - 11:30;53,1
09.03.2026;11:30 - 11:45;23,91
09.03.2026;11:45 - 12:00;8,16
09.03.2026;12:00 - 12:15;3,7
09.03.2026;12:15 - 12:30;3,12
09.03.2026;12:30 - 12:45;3,15
09.03.2026;12:45 - 13:00;3,74
09.03.2026;13:00 - 13:15;4,55
09.03.2026;13:15 - 13:30;5,82
09.03.2026;13:30 - 13:45;12,64
09.03.2026;13:45 - 14:00;15,31
09.03.2026;14:00 - 14:15;63,71
09.03.2026;14:15 - 14:30;76,59
09.03.2026;14:30 - 14:45;82,71
09.03.2026;14:45 - 15:00;96,87
09.03.2026;15:00 - 15:15;91,89
09.03.2026;15:15 - 15:30;102,62
09.03.2026;15:30 - 15:45;118,27
09.03.2026;15:45 - 16:00;146,29
09.03.2026;16:00 - 16:15;101,25
09.03.2026;16:15 - 16:30;141,6
09.03.2026;16:30 - 16:45;155,21
09.03.2026;16:45 - 17:00;191,79
09.03.2026;17:00 - 17:15;123,17
09.03.2026;17:15 - 17:30;153,97
09.03.2026;17:30 - 17:45;185,28
09.03.2026;17:45 - 18:00;235,76
09.03.2026;18:00 - 18:15;206,06
09.03.2026;18:15 - 18:30;225,22
09.03.2026;18:30 - 18:45;245,31
09.03.2026;18:45 - 19:00;247,16
09.03.2026;19:00 - 19:15;245
09.03.2026;19:15 - 19:30;218,03
09.03.2026;19:30 - 19:45;217,77
09.03.2026;19:45 - 20:00;205,81
09.03.2026;20:00 - 20:15;217,77
09.03.2026;20:15 - 20:30;195,18
09.03.2026;20:30 - 20:45;163,49
09.03.2026;20:45 - 21:00;148,49
09.03.2026;21:00 - 21:15;179,59
09.03.2026;21:15 - 21:30;163,05
09.03.2026;21:30 - 21:45;151,31
09.03.2026;21:45 - 22:00;141,86
09.03.2026;22:00 - 22:15;155,21
09.03.2026;22:15 - 22:30;148,95
09.03.2026;22:30 - 22:45;150,36
09.03.2026;22:45 - 23:00;140,73
09.03.2026;23:00 - 23:15;149,49
09.03.2026;23:15 - 23:30;144,19
09.03.2026;23:30 - 23:45;137,38
09.03.2026;23:45 - 00:00;129,15
10.03.2026;00:00 - 00:15;145,96
10.03.2026;00:15 - 00:30;150,39
10.03.2026;00:30 - 00:45;146,96
10.03.2026;00:45 - 01:00;141,14
10.03.2026;01:00 - 01:15;148,8
10.03.2026;01:15 - 01:30;142,46
10.03.2026;01:30 - 01:45;140,14
10.03.2026;01:45 - 02:00;139,44
10.03.2026;02:00 - 02:15;140,78
10.03.2026;02:15 - 02:30;140,45
10.03.2026;02:30 - 02:45;140,46
10.03.2026;02:45 - 03:00;138,17
10.03.2026;03:00 - 03:15;138,16
10.03.2026;03:15 - 03:30;137,95
10.03.2026;03:30 - 03:45;137,94
10.03.2026;03:45 - 04:00;142,78
10.03.2026;04:00 - 04:15;132,06
10.03.2026;04:15 - 04:30;135,55
10.03.2026;04:30 - 04:45;143,64
10.03.2026;04:45 - 05:00;147,67
10.03.2026;05:00 - 05:15;134,44
10.03.2026;05:15 - 05:30;143,97
10.03.2026;05:30 - 05:45;155,5
10.03.2026;05:45 - 06:00;176,24
10.03.2026;06:00 - 06:15;142,19
10.03.2026;06:15 - 06:30;164,87
10.03.2026;06:30 - 06:45;168,52
10.03.2026;06:45 - 07:00;184,15
10.03.2026;07:00 - 07:15;187,24
10.03.2026;07:15 - 07:30;197,43
10.03.2026;07:30 - 07:45;174,71
10.03.2026;07:45 - 08:00;152,35
10.03.2026;08:00 - 08:15;205,21
10.03.2026;08:15 - 08:30;171,38
10.03.2026;08:30 - 08:45;133,66
10.03.2026;08:45 - 09:00;110,46
10.03.2026;09:00 - 09:15;148,42
10.03.2026;09:15 - 09:30;117,82
10.03.2026;09:30 - 09:45;82,64
10.03.2026;09:45 - 10:00;67,16
10.03.2026;10:00 - 10:15;74,59
10.03.2026;10:15 - 10:30;46,62
10.03.2026;10:30 - 10:45;57,54
10.03.2026;10:45 - 11:00;22,3
10.03.2026;11:00 - 11:15;44,23
10.03.2026;11:15 - 11:30;12,2
10.03.2026;11:30 - 11:45;11,43
10.03.2026;11:45 - 12:00;10,57
10.03.2026;12:00 - 12:15;9,02
10.03.2026;12:15 - 12:30;8,68
10.03.2026;12:30 - 12:45;11,29
10.03.2026;12:45 - 13:00;12,46
10.03.2026;13:00 - 13:15;14,01
10.03.2026;13:15 - 13:30;17,88
10.03.2026;13:30 - 13:45;62,14
10.03.2026;13:45 - 14:00;60,33
10.03.2026;14:00 - 14:15;52,3
10.03.2026;14:15 - 14:30;60,18
10.03.2026;14:30 - 14:45;92,13
10.03.2026;14:45 - 15:00;114,64
10.03.2026;15:00 - 15:15;113,73
10.03.2026;15:15 - 15:30;107,84
10.03.2026;15:30 - 15:45;116,01
10.03.2026;15:45 - 16:00;152,28
10.03.2026;16:00 - 16:15;105,8
10.03.2026;16:15 - 16:30;129,65
10.03.2026;16:30 - 16:45;155,21
10.03.2026;16:45 - 17:00;169,49
10.03.2026;17:00 - 17:15;126,89
10.03.2026;17:15 - 17:30;155,79
10.03.2026;17:30 - 17:45;177,66
10.03.2026;17:45 - 18:00;213,87
10.03.2026;18:00 - 18:15;188,42
10.03.2026;18:15 - 18:30;209,35
10.03.2026;18:30 - 18:45;219,93
10.03.2026;18:45 - 19:00;212,97
10.03.2026;19:00 - 19:15;233,27
10.03.2026;19:15 - 19:30;204,01
10.03.2026;19:30 - 19:45;194,8
10.03.2026;19:45 - 20:00;167
10.03.2026;20:00 - 20:15;175,48
10.03.2026;20:15 - 20:30;158,04
10.03.2026;20:30 - 20:45;149,85
10.03.2026;20:45 - 21:00;150,87
10.03.2026;21:00 - 21:15;163,44
10.03.2026;21:15 - 21:30;159,21
10.03.2026;21:30 - 21:45;146,3
10.03.2026;21:45 - 22:00;121,21
10.03.2026;22:00 - 22:15;147,91
10.03.2026;22:15 - 22:30;137,26
10.03.2026;22:30 - 22:45;125,23
10.03.2026;22:45 - 23:00;109,72
10.03.2026;23:00 - 23:15;132,24
10.03.2026;23:15 - 23:30;107,99
10.03.2026;23:30 - 23:45;98,75
10.03.2026;23:45 - 00:00;77,4
11.03.2026;00:00 - 00:15;98,99
11.03.2026;00:15 - 00:30;99,07
11.03.2026;00:30 - 00:45;97,84
11.03.2026;00:45 - 01:00;87,77
11.03.2026;01:00 - 01:15;92,97
11.03.2026;01:15 - 01:30;88,6
11.03.2026;01:30 - 01:45;81,22
11.03.2026;01:45 - 02:00;74,4
11.03.2026;02:00 - 02:15;82,67
11.03.2026;02:15 - 02:30;82,58
11.03.2026;02:30 - 02:45;79,09
11.03.2026;02:45 - 03:00;78,34
11.03.2026;03:00 - 03:15;81,63
11.03.2026;03:15 - 03:30;82,63
11.03.2026;03:30 - 03:45;80,26
11.03.2026;03:45 - 04:00;82,03
11.03.2026;04:00 - 04:15;84,38
11.03.2026;04:15 - 04:30;75,2
11.03.2026;04:30 - 04:45;81,68
11.03.2026;04:45 - 05:00;88,37
11.03.2026;05:00 - 05:15;88,95
11.03.2026;05:15 - 05:30;94,79
11.03.2026;05:30 - 05:45;94,83
11.03.2026;05:45 - 06:00;150,93
11.03.2026;06:00 - 06:15;117,5
11.03.2026;06:15 - 06:30;132,46
11.03.2026;06:30 - 06:45;150,94
11.03.2026;06:45 - 07:00;150,99
11.03.2026;07:00 - 07:15;150,62
11.03.2026;07:15 - 07:30;151
11.03.2026;07:30 - 07:45;84,65
11.03.2026;07:45 - 08:00;65,8
11.03.2026;08:00 - 08:15;90,24
11.03.2026;08:15 - 08:30;78,7
11.03.2026;08:30 - 08:45;74,46
11.03.2026;08:45 - 09:00;58,71
11.03.2026;09:00 - 09:15;80,82
11.03.2026;09:15 - 09:30;69,81
11.03.2026;09:30 - 09:45;58
11.03.2026;09:45 - 10:00;28,74
11.03.2026;10:00 - 10:15;65,18
11.03.2026;10:15 - 10:30;38,14
11.03.2026;10:30 - 10:45;19,1
11.03.2026;10:45 - 11:00;6,21
11.03.2026;11:00 - 11:15;25,2
11.03.2026;11:15 - 11:30;14,75
11.03.2026;11:30 - 11:45;13,11
11.03.2026;11:45 - 12:00;9,69
11.03.2026;12:00 - 12:15;10,74
11.03.2026;12:15 - 12:30;12,29
11.03.2026;12:30 - 12:45;12,39
11.03.2026;12:45 - 13:00;13,66
11.03.2026;13:00 - 13:15;13,48
11.03.2026;13:15 - 13:30;14,57
11.03.2026;13:30 - 13:45;21,04
11.03.2026;13:45 - 14:00;30,07
11.03.2026;14:00 - 14:15;24,72
11.03.2026;14:15 - 14:30;37,05
11.03.2026;14:30 - 14:45;53,76
11.03.2026;14:45 - 15:00;83,3
11.03.2026;15:00 - 15:15;53,56
11.03.2026;15:15 - 15:30;77,64
11.03.2026;15:30 - 15:45;91,19
11.03.2026;15:45 - 16:00;112,02
11.03.2026;16:00 - 16:15;79,27
11.03.2026;16:15 - 16:30;109,58
11.03.2026;16:30 - 16:45;139,1
11.03.2026;16:45 - 17:00;164,24
11.03.2026;17:00 - 17:15;120,55
11.03.2026;17:15 - 17:30;141,26
11.03.2026;17:30 - 17:45;144,11
11.03.2026;17:45 - 18:00;170,06
11.03.2026;18:00 - 18:15;149
11.03.2026;18:15 - 18:30;157,04
11.03.2026;18:30 - 18:45;168,36
11.03.2026;18:45 - 19:00;177,74
11.03.2026;19:00 - 19:15;159,51
11.03.2026;19:15 - 19:30;163,19
11.03.2026;19:30 - 19:45;164,89
11.03.2026;19:45 - 20:00;155,24
11.03.2026;20:00 - 20:15;159,99
11.03.2026;20:15 - 20:30;148,87
11.03.2026;20:30 - 20:45;137,1
11.03.2026;20:45 - 21:00;133,75
11.03.2026;21:00 - 21:15;149,79
11.03.2026;21:15 - 21:30;138,01
11.03.2026;21:30 - 21:45;134,79
11.03.2026;21:45 - 22:00;129,03
11.03.2026;22:00 - 22:15;137,41
11.03.2026;22:15 - 22:30;132,97
11.03.2026;22:30 - 22:45;127,18
11.03.2026;22:45 - 23:00;121,8
11.03.2026;23:00 - 23:15;132,89
11.03.2026;23:15 - 23:30;111,08
11.03.2026;23:30 - 23:45;106,37
11.03.2026;23:45 - 00:00;99,83
12.03.2026;00:00 - 00:15;122,91
12.03.2026;00:15 - 00:30;119,09
12.03.2026;00:30 - 00:45;117,75
12.03.2026;00:45 - 01:00;112,35
12.03.2026;01:00 - 01:15;117,65
12.03.2026;01:15 - 01:30;106,59
12.03.2026;01:30 - 01:45;107,53
12.03.2026;01:45 - 02:00;112,35
12.03.2026;02:00 - 02:15;110,11
12.03.2026;02:15 - 02:30;104,39
12.03.2026;02:30 - 02:45;103,59
12.03.2026;02:45 - 03:00;103,25
12.03.2026;03:00 - 03:15;107,26
12.03.2026;03:15 - 03:30;103,84
12.03.2026;03:30 - 03:45;103,45
12.03.2026;03:45 - 04:00;103,59
12.03.2026;04:00 - 04:15;103,53
12.03.2026;04:15 - 04:30;109,23
12.03.2026;04:30 - 04:45;113,01
12.03.2026;04:45 - 05:00;118,73
12.03.2026;05:00 - 05:15;122,45
12.03.2026;05:15 - 05:30;119,71
12.03.2026;05:30 - 05:45;122,34
12.03.2026;05:45 - 06:00;133,65
12.03.2026;06:00 - 06:15;126,61
12.03.2026;06:15 - 06:30;140,93
12.03.2026;06:30 - 06:45;150,96
12.03.2026;06:45 - 07:00;159,96
12.03.2026;07:00 - 07:15;154,51
12.03.2026;07:15 - 07:30;150,96
12.03.2026;07:30 - 07:45;150,09
12.03.2026;07:45 - 08:00;118,49
12.03.2026;08:00 - 08:15;141,45
12.03.2026;08:15 - 08:30;109,63
12.03.2026;08:30 - 08:45;101,37
12.03.2026;08:45 - 09:00;74,14
12.03.2026;09:00 - 09:15;117,78
12.03.2026;09:15 - 09:30;91,37
12.03.2026;09:30 - 09:45;68,45
12.03.2026;09:45 - 10:00;52,56
12.03.2026;10:00 - 10:15;88,72
12.03.2026;10:15 - 10:30;57,52
12.03.2026;10:30 - 10:45;14,67
12.03.2026;10:45 - 11:00;15,07
12.03.2026;11:00 - 11:15;17,92
12.03.2026;11:15 - 11:30;11,01
12.03.2026;11:30 - 11:45;7,03
12.03.2026;11:45 - 12:00;6,81
12.03.2026;12:00 - 12:15;6,63
12.03.2026;12:15 - 12:30;6,66
12.03.2026;12:30 - 12:45;8,72
12.03.2026;12:45 - 13:00;13,33
12.03.2026;13:00 - 13:15;17,67
12.03.2026;13:15 - 13:30;23,26
12.03.2026;13:30 - 13:45;31,2
12.03.2026;13:45 - 14:00;33,09
12.03.2026;14:00 - 14:15;17,81
12.03.2026;14:15 - 14:30;51,56
12.03.2026;14:30 - 14:45;135,96
12.03.2026;14:45 - 15:00;138,84
12.03.2026;15:00 - 15:15;86,64
12.03.2026;15:15 - 15:30;141,59
12.03.2026;15:30 - 15:45;151
12.03.2026;15:45 - 16:00;172,66
12.03.2026;16:00 - 16:15;115,56
12.03.2026;16:15 - 16:30;141,08
12.03.2026;16:30 - 16:45;151
12.03.2026;16:45 - 17:00;148,1
12.03.2026;17:00 - 17:15;118,23
12.03.2026;17:15 - 17:30;148,27
12.03.2026;17:30 - 17:45;168,27
12.03.2026;17:45 - 18:00;207,91
12.03.2026;18:00 - 18:15;152,58
12.03.2026;18:15 - 18:30;154,51
12.03.2026;18:30 - 18:45;164,54
12.03.2026;18:45 - 19:00;168,37
12.03.2026;19:00 - 19:15;151,96
12.03.2026;19:15 - 19:30;146,94
12.03.2026;19:30 - 19:45;145,08
12.03.2026;19:45 - 20:00;135,97
12.03.2026;20:00 - 20:15;141,12
12.03.2026;20:15 - 20:30;124,2
12.03.2026;20:30 - 20:45;121,17
12.03.2026;20:45 - 21:00;115,27
12.03.2026;21:00 - 21:15;141,84
12.03.2026;21:15 - 21:30;136,28
12.03.2026;21:30 - 21:45;129,53
12.03.2026;21:45 - 22:00;86,88
12.03.2026;22:00 - 22:15;135,96
12.03.2026;22:15 - 22:30;118,04
12.03.2026;22:30 - 22:45;83,24
12.03.2026;22:45 - 23:00;91,65
12.03.2026;23:00 - 23:15;134,94
12.03.2026;23:15 - 23:30;135,92
12.03.2026;23:30 - 23:45;131,81
12.03.2026;23:45 - 00:00;85,09
13.03.2026;00:00 - 00:15;129,98
13.03.2026;00:15 - 00:30;117,5
13.03.2026;00:30 - 00:45;101,89
13.03.2026;00:45 - 01:00;95,73
13.03.2026;01:00 - 01:15;111,8
13.03.2026;01:15 - 01:30;100,9
13.03.2026;01:30 - 01:45;98,39
13.03.2026;01:45 - 02:00;93,57
13.03.2026;02:00 - 02:15;94,92
13.03.2026;02:15 - 02:30;107,06
13.03.2026;02:30 - 02:45;105,45
13.03.2026;02:45 - 03:00;102,6
13.03.2026;03:00 - 03:15;105,67
13.03.2026;03:15 - 03:30;102,38
13.03.2026;03:30 - 03:45;102,64
13.03.2026;03:45 - 04:00;104,36
13.03.2026;04:00 - 04:15;115
13.03.2026;04:15 - 04:30;106,08
13.03.2026;04:30 - 04:45;105,04
13.03.2026;04:45 - 05:00;133,56
13.03.2026;05:00 - 05:15;103,87
13.03.2026;05:15 - 05:30;91,17
13.03.2026;05:30 - 05:45;138,39
13.03.2026;05:45 - 06:00;145,4
13.03.2026;06:00 - 06:15;130,95
13.03.2026;06:15 - 06:30;136,92
13.03.2026;06:30 - 06:45;137,49
13.03.2026;06:45 - 07:00;142,01
13.03.2026;07:00 - 07:15;141,15
13.03.2026;07:15 - 07:30;152,81
13.03.2026;07:30 - 07:45;138,99
13.03.2026;07:45 - 08:00;93
13.03.2026;08:00 - 08:15;144,44
13.03.2026;08:15 - 08:30;110,87
13.03.2026;08:30 - 08:45;67,18
13.03.2026;08:45 - 09:00;32,41
13.03.2026;09:00 - 09:15;29,11
13.03.2026;09:15 - 09:30;13,87
13.03.2026;09:30 - 09:45;14,58
13.03.2026;09:45 - 10:00;16,44
13.03.2026;10:00 - 10:15;13,13
13.03.2026;10:15 - 10:30;8,8
13.03.2026;10:30 - 10:45;11,14
13.03.2026;10:45 - 11:00;6,66
13.03.2026;11:00 - 11:15;7,2
13.03.2026;11:15 - 11:30;5
13.03.2026;11:30 - 11:45;8,73
13.03.2026;11:45 - 12:00;8,11
13.03.2026;12:00 - 12:15;4,85
13.03.2026;12:15 - 12:30;3,89
13.03.2026;12:30 - 12:45;5,12
13.03.2026;12:45 - 13:00;6,75
13.03.2026;13:00 - 13:15;1,82
13.03.2026;13:15 - 13:30;2,05
13.03.2026;13:30 - 13:45;2,81
13.03.2026;13:45 - 14:00;3,63
13.03.2026;14:00 - 14:15;4,46
13.03.2026;14:15 - 14:30;5,98
13.03.2026;14:30 - 14:45;7,42
13.03.2026;14:45 - 15:00;14,61
13.03.2026;15:00 - 15:15;12,59
13.03.2026;15:15 - 15:30;23,84
13.03.2026;15:30 - 15:45;95,16
13.03.2026;15:45 - 16:00;138,98
13.03.2026;16:00 - 16:15;46,35
13.03.2026;16:15 - 16:30;93,53
13.03.2026;16:30 - 16:45;139,82
13.03.2026;16:45 - 17:00;163,51
13.03.2026;17:00 - 17:15;123,05
13.03.2026;17:15 - 17:30;139,97
13.03.2026;17:30 - 17:45;154,64
13.03.2026;17:45 - 18:00;166,08
13.03.2026;18:00 - 18:15;139,98
13.03.2026;18:15 - 18:30;152,59
13.03.2026;18:30 - 18:45;161,54
13.03.2026;18:45 - 19:00;177,7
13.03.2026;19:00 - 19:15;178,33
13.03.2026;19:15 - 19:30;172,95
13.03.2026;19:30 - 19:45;165,34
13.03.2026;19:45 - 20:00;148,99
13.03.2026;20:00 - 20:15;164,09
13.03.2026;20:15 - 20:30;152,91
13.03.2026;20:30 - 20:45;143
13.03.2026;20:45 - 21:00;133,65
13.03.2026;21:00 - 21:15;150,49
13.03.2026;21:15 - 21:30;140,15
13.03.2026;21:30 - 21:45;128,24
13.03.2026;21:45 - 22:00;120,76
13.03.2026;22:00 - 22:15;135,34
13.03.2026;22:15 - 22:30;124,46
13.03.2026;22:30 - 22:45;124,5
13.03.2026;22:45 - 23:00;116,91
13.03.2026;23:00 - 23:15;133,69
13.03.2026;23:15 - 23:30;114,65
13.03.2026;23:30 - 23:45;114,32
13.03.2026;23:45 - 00:00;103,35
14.03.2026;00:00 - 00:15;126,84
14.03.2026;00:15 - 00:30;122,78
14.03.2026;00:30 - 00:45;106,64
14.03.2026;00:45 - 01:00;102,88
14.03.2026;01:00 - 01:15;115,63
14.03.2026;01:15 - 01:30;111,69
14.03.2026;01:30 - 01:45;109,3
14.03.2026;01:45 - 02:00;105,93
14.03.2026;02:00 - 02:15;108,44
14.03.2026;02:15 - 02:30;105,52
14.03.2026;02:30 - 02:45;103,78
14.03.2026;02:45 - 03:00;102,5
14.03.2026;03:00 - 03:15;105,41
14.03.2026;03:15 - 03:30;108,82
14.03.2026;03:30 - 03:45;108,06
14.03.2026;03:45 - 04:00;109,66
14.03.2026;04:00 - 04:15;106,84
14.03.2026;04:15 - 04:30;106,66
14.03.2026;04:30 - 04:45;110,59
14.03.2026;04:45 - 05:00;111,64
14.03.2026;05:00 - 05:15;104,78
14.03.2026;05:15 - 05:30;107,4
14.03.2026;05:30 - 05:45;112,7
14.03.2026;05:45 - 06:00;117,52
14.03.2026;06:00 - 06:15;106,27
14.03.2026;06:15 - 06:30;112,5
14.03.2026;06:30 - 06:45;113,52
14.03.2026;06:45 - 07:00;117,56
14.03.2026;07:00 - 07:15;125,69
14.03.2026;07:15 - 07:30;120,01
14.03.2026;07:30 - 07:45;98,75
14.03.2026;07:45 - 08:00;31,92
14.03.2026;08:00 - 08:15;80,25
14.03.2026;08:15 - 08:30;38,78
14.03.2026;08:30 - 08:45;37,35
14.03.2026;08:45 - 09:00;36,46
14.03.2026;09:00 - 09:15;32,87
14.03.2026;09:15 - 09:30;31,88
14.03.2026;09:30 - 09:45;33,67
14.03.2026;09:45 - 10:00;31,66
14.03.2026;10:00 - 10:15;31,75
14.03.2026;10:15 - 10:30;29,76
14.03.2026;10:30 - 10:45;2,97
14.03.2026;10:45 - 11:00;0,99
14.03.2026;11:00 - 11:15;0,03
14.03.2026;11:15 - 11:30;-0,01
14.03.2026;11:30 - 11:45;-0,07
14.03.2026;11:45 - 12:00;-5
14.03.2026;12:00 - 12:15;0
14.03.2026;12:15 - 12:30;-0,04
14.03.2026;12:30 - 12:45;-4,34
14.03.2026;12:45 - 13:00;-2
14.03.2026;13:00 - 13:15;0,03
14.03.2026;13:15 - 13:30;0,05
14.03.2026;13:30 - 13:45;0,08
14.03.2026;13:45 - 14:00;1
14.03.2026;14:00 - 14:15;5
14.03.2026;14:15 - 14:30;31,13
14.03.2026;14:30 - 14:45;30,91
14.03.2026;14:45 - 15:00;28,63
14.03.2026;15:00 - 15:15;26,14
14.03.2026;15:15 - 15:30;29,99
14.03.2026;15:30 - 15:45;65,84
14.03.2026;15:45 - 16:00;122,91
14.03.2026;16:00 - 16:15;78,59
14.03.2026;16:15 - 16:30;123,72
14.03.2026;16:30 - 16:45;134,61
14.03.2026;16:45 - 17:00;156,01
14.03.2026;17:00 - 17:15;121,58
14.03.2026;17:15 - 17:30;133,25
14.03.2026;17:30 - 17:45;147,03
14.03.2026;17:45 - 18:00;168,66
14.03.2026;18:00 - 18:15;140
14.03.2026;18:15 - 18:30;148,41
14.03.2026;18:30 - 18:45;172,56
14.03.2026;18:45 - 19:00;183,43
14.03.2026;19:00 - 19:15;183,48
14.03.2026;19:15 - 19:30;178,34
14.03.2026;19:30 - 19:45;165,51
14.03.2026;19:45 - 20:00;152,01
14.03.2026;20:00 - 20:15;176,36
14.03.2026;20:15 - 20:30;156,19
14.03.2026;20:30 - 20:45;139,97
14.03.2026;20:45 - 21:00;128,54
14.03.2026;21:00 - 21:15;140
14.03.2026;21:15 - 21:30;133,54
14.03.2026;21:30 - 21:45;140,4
14.03.2026;21:45 - 22:00;135,87
14.03.2026;22:00 - 22:15;139,53
14.03.2026;22:15 - 22:30;132,99
14.03.2026;22:30 - 22:45;139,81
14.03.2026;22:45 - 23:00;128,62
14.03.2026;23:00 - 23:15;139,61
14.03.2026;23:15 - 23:30;128,82
14.03.2026;23:30 - 23:45;127,35
14.03.2026;23:45 - 00:00;116,4
15.03.2026;00:00 - 00:15;142,07
15.03.2026;00:15 - 00:30;138,92
15.03.2026;00:30 - 00:45;130,95
15.03.2026;00:45 - 01:00;120,89
15.03.2026;01:00 - 01:15;133,14
15.03.2026;01:15 - 01:30;132,35
15.03.2026;01:30 - 01:45;129,94
15.03.2026;01:45 - 02:00;124,42
15.03.2026;02:00 - 02:15;130,89
15.03.2026;02:15 - 02:30;125,6
15.03.2026;02:30 - 02:45;120,16
15.03.2026;02:45 - 03:00;118,77
15.03.2026;03:00 - 03:15;119,13
15.03.2026;03:15 - 03:30;120,69
15.03.2026;03:30 - 03:45;126,82
15.03.2026;03:45 - 04:00;129,17
15.03.2026;04:00 - 04:15;123,32
15.03.2026;04:15 - 04:30;123,32
15.03.2026;04:30 - 04:45;124,64
15.03.2026;04:45 - 05:00;126,8
15.03.2026;05:00 - 05:15;123,17
15.03.2026;05:15 - 05:30;121,85
15.03.2026;05:30 - 05:45;127,42
15.03.2026;05:45 - 06:00;130,15
15.03.2026;06:00 - 06:15;123,65
15.03.2026;06:15 - 06:30;130,04
15.03.2026;06:30 - 06:45;129,5
15.03.2026;06:45 - 07:00;122,98
15.03.2026;07:00 - 07:15;132,85
15.03.2026;07:15 - 07:30;119,36
15.03.2026;07:30 - 07:45;116,04
15.03.2026;07:45 - 08:00;107,07
15.03.2026;08:00 - 08:15;126,9
15.03.2026;08:15 - 08:30;112,67
15.03.2026;08:30 - 08:45;112,11
15.03.2026;08:45 - 09:00;106,92
15.03.2026;09:00 - 09:15;124,84
15.03.2026;09:15 - 09:30;122,22
15.03.2026;09:30 - 09:45;114,08
15.03.2026;09:45 - 10:00;112,75
15.03.2026;10:00 - 10:15;65,41
15.03.2026;10:15 - 10:30;107,39
15.03.2026;10:30 - 10:45;108,07
15.03.2026;10:45 - 11:00;99,2
15.03.2026;11:00 - 11:15;111,28
15.03.2026;11:15 - 11:30;106,71
15.03.2026;11:30 - 11:45;85,08
15.03.2026;11:45 - 12:00;63,91
15.03.2026;12:00 - 12:15;96,78
15.03.2026;12:15 - 12:30;75,17
15.03.2026;12:30 - 12:45;56,81
15.03.2026;12:45 - 13:00;42
15.03.2026;13:00 - 13:15;58,87
15.03.2026;13:15 - 13:30;51,07
15.03.2026;13:30 - 13:45;40,26
15.03.2026;13:45 - 14:00;35,92
15.03.2026;14:00 - 14:15;33,74
15.03.2026;14:15 - 14:30;40,01
15.03.2026;14:30 - 14:45;49,74
15.03.2026;14:45 - 15:00;54,16
15.03.2026;15:00 - 15:15;54,24
15.03.2026;15:15 - 15:30;58,23
15.03.2026;15:30 - 15:45;73,98
15.03.2026;15:45 - 16:00;94,39
15.03.2026;16:00 - 16:15;61,59
15.03.2026;16:15 - 16:30;94,34
15.03.2026;16:30 - 16:45;109,51
15.03.2026;16:45 - 17:00;137,01
15.03.2026;17:00 - 17:15;111,32
15.03.2026;17:15 - 17:30;130,65
15.03.2026;17:30 - 17:45;147,46
15.03.2026;17:45 - 18:00;164,72
15.03.2026;18:00 - 18:15;149,91
15.03.2026;18:15 - 18:30;155,07
15.03.2026;18:30 - 18:45;159,41
15.03.2026;18:45 - 19:00;160,34
15.03.2026;19:00 - 19:15;156,15
15.03.2026;19:15 - 19:30;146,12
15.03.2026;19:30 - 19:45;138,95
15.03.2026;19:45 - 20:00;131,53
15.03.2026;20:00 - 20:15;148,48
15.03.2026;20:15 - 20:30;146,92
15.03.2026;20:30 - 20:45;138,36
15.03.2026;20:45 - 21:00;121,36
15.03.2026;21:00 - 21:15;140,2
15.03.2026;21:15 - 21:30;126,76
15.03.2026;21:30 - 21:45;109,58
15.03.2026;21:45 - 22:00;97,46
15.03.2026;22:00 - 22:15;123,2
15.03.2026;22:15 - 22:30;114,71
15.03.2026;22:30 - 22:45;95,39
15.03.2026;22:45 - 23:00;84,83
15.03.2026;23:00 - 23:15;117,4
15.03.2026;23:15 - 23:30;92,34
15.03.2026;23:30 - 23:45;79,52
15.03.2026;23:45 - 00:00;67,09
16.03.2026;00:00 - 00:15;79,08
16.03.2026;00:15 - 00:30;82,81
16.03.2026;00:30 - 00:45;76,7
16.03.2026;00:45 - 01:00;94,83
16.03.2026;01:00 - 01:15;91,29
16.03.2026;01:15 - 01:30;81,82
16.03.2026;01:30 - 01:45;84,94
16.03.2026;01:45 - 02:00;69,9
16.03.2026;02:00 - 02:15;92,62
16.03.2026;02:15 - 02:30;90,27
16.03.2026;02:30 - 02:45;93,5
16.03.2026;02:45 - 03:00;77,19
16.03.2026;03:00 - 03:15;73,29
16.03.2026;03:15 - 03:30;76,71
16.03.2026;03:30 - 03:45;35,51
16.03.2026;03:45 - 04:00;58,31
16.03.2026;04:00 - 04:15;60,83
16.03.2026;04:15 - 04:30;103,96
16.03.2026;04:30 - 04:45;89,22
16.03.2026;04:45 - 05:00;106,09
16.03.2026;05:00 - 05:15;61,9
16.03.2026;05:15 - 05:30;75,01
16.03.2026;05:30 - 05:45;102,11
16.03.2026;05:45 - 06:00;132,91
16.03.2026;06:00 - 06:15;138,9
16.03.2026;06:15 - 06:30;150,26
16.03.2026;06:30 - 06:45;149,96
16.03.2026;06:45 - 07:00;140,68
16.03.2026;07:00 - 07:15;153,75
16.03.2026;07:15 - 07:30;149,96
16.03.2026;07:30 - 07:45;128,82
16.03.2026;07:45 - 08:00;105,15
16.03.2026;08:00 - 08:15;132,82
16.03.2026;08:15 - 08:30;103,79
16.03.2026;08:30 - 08:45;89,39
16.03.2026;08:45 - 09:00;76,85
16.03.2026;09:00 - 09:15;99,64
16.03.2026;09:15 - 09:30;82,83
16.03.2026;09:30 - 09:45;64,42
16.03.2026;09:45 - 10:00;46,02
16.03.2026;10:00 - 10:15;62,6
16.03.2026;10:15 - 10:30;52,4
16.03.2026;10:30 - 10:45;36,06
16.03.2026;10:45 - 11:00;19,97
16.03.2026;11:00 - 11:15;22,56
16.03.2026;11:15 - 11:30;15,62
16.03.2026;11:30 - 11:45;14,36
16.03.2026;11:45 - 12:00;16,96
16.03.2026;12:00 - 12:15;17,67
16.03.2026;12:15 - 12:30;15,95
16.03.2026;12:30 - 12:45;22,87
16.03.2026;12:45 - 13:00;39,7
16.03.2026;13:00 - 13:15;22,41
16.03.2026;13:15 - 13:30;42,86
16.03.2026;13:30 - 13:45;48,82
16.03.2026;13:45 - 14:00;120,9
16.03.2026;14:00 - 14:15;52,74
16.03.2026;14:15 - 14:30;99,56
16.03.2026;14:30 - 14:45;81,28
16.03.2026;14:45 - 15:00;126,78
16.03.2026;15:00 - 15:15;109,02
16.03.2026;15:15 - 15:30;107,33
16.03.2026;15:30 - 15:45;139,9
16.03.2026;15:45 - 16:00;139,94
16.03.2026;16:00 - 16:15;110,76
16.03.2026;16:15 - 16:30;139,98
16.03.2026;16:30 - 16:45;147,98
16.03.2026;16:45 - 17:00;161,37
16.03.2026;17:00 - 17:15;110,68
16.03.2026;17:15 - 17:30;147,51
16.03.2026;17:30 - 17:45;158,83
16.03.2026;17:45 - 18:00;179,8
16.03.2026;18:00 - 18:15;149,95
16.03.2026;18:15 - 18:30;161,31
16.03.2026;18:30 - 18:45;176,34
16.03.2026;18:45 - 19:00;186,67
16.03.2026;19:00 - 19:15;179,69
16.03.2026;19:15 - 19:30;179,55
16.03.2026;19:30 - 19:45;179,82
16.03.2026;19:45 - 20:00;178,88
16.03.2026;20:00 - 20:15;180,38
16.03.2026;20:15 - 20:30;162,65
16.03.2026;20:30 - 20:45;144,45
16.03.2026;20:45 - 21:00;130,17
16.03.2026;21:00 - 21:15;143,27
16.03.2026;21:15 - 21:30;128,52
16.03.2026;21:30 - 21:45;120,54
16.03.2026;21:45 - 22:00;111,66
16.03.2026;22:00 - 22:15;131,49
16.03.2026;22:15 - 22:30;125,19
16.03.2026;22:30 - 22:45;124,84
16.03.2026;22:45 - 23:00;109,99
16.03.2026;23:00 - 23:15;111,67
16.03.2026;23:15 - 23:30;103,79
16.03.2026;23:30 - 23:45;95
16.03.2026;23:45 - 00:00;89,79
17.03.2026;00:00 - 00:15;132,74
17.03.2026;00:15 - 00:30;113,4
17.03.2026;00:30 - 00:45;105,66
17.03.2026;00:45 - 01:00;104,85
17.03.2026;01:00 - 01:15;106,31
17.03.2026;01:15 - 01:30;106,53
17.03.2026;01:30 - 01:45;106,04
17.03.2026;01:45 - 02:00;106,82
17.03.2026;02:00 - 02:15;107,47
17.03.2026;02:15 - 02:30;107,51
17.03.2026;02:30 - 02:45;108,41
17.03.2026;02:45 - 03:00;107,62
17.03.2026;03:00 - 03:15;107,25
17.03.2026;03:15 - 03:30;109,92
17.03.2026;03:30 - 03:45;110,43
17.03.2026;03:45 - 04:00;108,98
17.03.2026;04:00 - 04:15;111,89
17.03.2026;04:15 - 04:30;111,82
17.03.2026;04:30 - 04:45;111,56
17.03.2026;04:45 - 05:00;112,12
17.03.2026;05:00 - 05:15;110,48
17.03.2026;05:15 - 05:30;115,08
17.03.2026;05:30 - 05:45;127,24
17.03.2026;05:45 - 06:00;138,2
17.03.2026;06:00 - 06:15;139,32
17.03.2026;06:15 - 06:30;149,68
17.03.2026;06:30 - 06:45;156,95
17.03.2026;06:45 - 07:00;162,71
17.03.2026;07:00 - 07:15;174,32
17.03.2026;07:15 - 07:30;178,07
17.03.2026;07:30 - 07:45;174,33
17.03.2026;07:45 - 08:00;152,19
17.03.2026;08:00 - 08:15;192,66
17.03.2026;08:15 - 08:30;159,92
17.03.2026;08:30 - 08:45;139,93
17.03.2026;08:45 - 09:00;120,69
17.03.2026;09:00 - 09:15;149,95
17.03.2026;09:15 - 09:30;130,15
17.03.2026;09:30 - 09:45;119,14
17.03.2026;09:45 - 10:00;115,17
17.03.2026;10:00 - 10:15;138,74
17.03.2026;10:15 - 10:30;113
17.03.2026;10:30 - 10:45;108,91
17.03.2026;10:45 - 11:00;113,16
17.03.2026;11:00 - 11:15;111,51
17.03.2026;11:15 - 11:30;111,38
17.03.2026;11:30 - 11:45;109,91
17.03.2026;11:45 - 12:00;115,62
17.03.2026;12:00 - 12:15;106,99
17.03.2026;12:15 - 12:30;106,75
17.03.2026;12:30 - 12:45;106,77
17.03.2026;12:45 - 13:00;106,34
17.03.2026;13:00 - 13:15;108,91
17.03.2026;13:15 - 13:30;109,04
17.03.2026;13:30 - 13:45;107,78
17.03.2026;13:45 - 14:00;108,87
17.03.2026;14:00 - 14:15;108,62
17.03.2026;14:15 - 14:30;112,68
17.03.2026;14:30 - 14:45;110,89
17.03.2026;14:45 - 15:00;114,4
17.03.2026;15:00 - 15:15;111,03
17.03.2026;15:15 - 15:30;117,37
17.03.2026;15:30 - 15:45;128,82
17.03.2026;15:45 - 16:00;140,61
17.03.2026;16:00 - 16:15;125,6
17.03.2026;16:15 - 16:30;139,9
17.03.2026;16:30 - 16:45;153,43
17.03.2026;16:45 - 17:00;170,49
17.03.2026;17:00 - 17:15;141,93
17.03.2026;17:15 - 17:30;157,91
17.03.2026;17:30 - 17:45;175
17.03.2026;17:45 - 18:00;217,5
17.03.2026;18:00 - 18:15;170,63
17.03.2026;18:15 - 18:30;181,46
17.03.2026;18:30 - 18:45;189,73
17.03.2026;18:45 - 19:00;200,22
17.03.2026;19:00 - 19:15;198,66
17.03.2026;19:15 - 19:30;184,06
17.03.2026;19:30 - 19:45;159,55
17.03.2026;19:45 - 20:00;151,39
17.03.2026;20:00 - 20:15;161,64
17.03.2026;20:15 - 20:30;148,81
17.03.2026;20:30 - 20:45;140,31
17.03.2026;20:45 - 21:00;132,4
17.03.2026;21:00 - 21:15;149,75
17.03.2026;21:15 - 21:30;140
17.03.2026;21:30 - 21:45;132,84
17.03.2026;21:45 - 22:00;119,9
17.03.2026;22:00 - 22:15;139,49
17.03.2026;22:15 - 22:30;126,77
17.03.2026;22:30 - 22:45;110,25
17.03.2026;22:45 - 23:00;104,73
17.03.2026;23:00 - 23:15;115,64
17.03.2026;23:15 - 23:30;109,59
17.03.2026;23:30 - 23:45;106,75
17.03.2026;23:45 - 00:00;102,21
18.03.2026;00:00 - 00:15;107,36
18.03.2026;00:15 - 00:30;98,76
18.03.2026;00:30 - 00:45;99,04
18.03.2026;00:45 - 01:00;97,82
18.03.2026;01:00 - 01:15;102,47
18.03.2026;01:15 - 01:30;98,65
18.03.2026;01:30 - 01:45;95,96
18.03.2026;01:45 - 02:00;93,77
18.03.2026;02:00 - 02:15;97,62
18.03.2026;02:15 - 02:30;97,4
18.03.2026;02:30 - 02:45;95,71
18.03.2026;02:45 - 03:00;96,82
18.03.2026;03:00 - 03:15;98,87
18.03.2026;03:15 - 03:30;97,62
18.03.2026;03:30 - 03:45;98
18.03.2026;03:45 - 04:00;97,85
18.03.2026;04:00 - 04:15;99,02
18.03.2026;04:15 - 04:30;101,12
18.03.2026;04:30 - 04:45;102,3
18.03.2026;04:45 - 05:00;103,61
18.03.2026;05:00 - 05:15;98,55
18.03.2026;05:15 - 05:30;101,67
18.03.2026;05:30 - 05:45;114,73
18.03.2026;05:45 - 06:00;131,7
18.03.2026;06:00 - 06:15;121,24
18.03.2026;06:15 - 06:30;141,98
18.03.2026;06:30 - 06:45;148,5
18.03.2026;06:45 - 07:00;148,48
18.03.2026;07:00 - 07:15;157,07
18.03.2026;07:15 - 07:30;157,48
18.03.2026;07:30 - 07:45;139,29
18.03.2026;07:45 - 08:00;107,67
18.03.2026;08:00 - 08:15;137,39
18.03.2026;08:15 - 08:30;111,44
18.03.2026;08:30 - 08:45;91,66
18.03.2026;08:45 - 09:00;77,93
18.03.2026;09:00 - 09:15;133,93
18.03.2026;09:15 - 09:30;116,37
18.03.2026;09:30 - 09:45;79,2
18.03.2026;09:45 - 10:00;38,66
18.03.2026;10:00 - 10:15;127,96
18.03.2026;10:15 - 10:30;25,52
18.03.2026;10:30 - 10:45;12,42
18.03.2026;10:45 - 11:00;11,42
18.03.2026;11:00 - 11:15;12,58
18.03.2026;11:15 - 11:30;11,5
18.03.2026;11:30 - 11:45;13,29
18.03.2026;11:45 - 12:00;13,86
18.03.2026;12:00 - 12:15;12,18
18.03.2026;12:15 - 12:30;14,43
18.03.2026;12:30 - 12:45;11,26
18.03.2026;12:45 - 13:00;5,69
18.03.2026;13:00 - 13:15;7,09
18.03.2026;13:15 - 13:30;1,63
18.03.2026;13:30 - 13:45;0,55
18.03.2026;13:45 - 14:00;1,03
18.03.2026;14:00 - 14:15;4,25
18.03.2026;14:15 - 14:30;5,27
18.03.2026;14:30 - 14:45;10,94
18.03.2026;14:45 - 15:00;56,5
18.03.2026;15:00 - 15:15;5,8
18.03.2026;15:15 - 15:30;62,94
18.03.2026;15:30 - 15:45;91,63
18.03.2026;15:45 - 16:00;110,62
18.03.2026;16:00 - 16:15;72,58
18.03.2026;16:15 - 16:30;104,29
18.03.2026;16:30 - 16:45;138,73
18.03.2026;16:45 - 17:00;154,13
18.03.2026;17:00 - 17:15;108,39
18.03.2026;17:15 - 17:30;144,47
18.03.2026;17:30 - 17:45;169,16
18.03.2026;17:45 - 18:00;194,98
18.03.2026;18:00 - 18:15;171,84
18.03.2026;18:15 - 18:30;183,38
18.03.2026;18:30 - 18:45;191,22
18.03.2026;18:45 - 19:00;189,56
18.03.2026;19:00 - 19:15;194,96
18.03.2026;19:15 - 19:30;185,64
18.03.2026;19:30 - 19:45;168,81
18.03.2026;19:45 - 20:00;144,49
18.03.2026;20:00 - 20:15;173,2
18.03.2026;20:15 - 20:30;160,6
18.03.2026;20:30 - 20:45;151,28
18.03.2026;20:45 - 21:00;146,4
18.03.2026;21:00 - 21:15;155,25
18.03.2026;21:15 - 21:30;148,38
18.03.2026;21:30 - 21:45;134,92
18.03.2026;21:45 - 22:00;124,85
18.03.2026;22:00 - 22:15;145,67
18.03.2026;22:15 - 22:30;134,36
18.03.2026;22:30 - 22:45;125,02
18.03.2026;22:45 - 23:00;118,68
18.03.2026;23:00 - 23:15;133,13
18.03.2026;23:15 - 23:30;122,51
18.03.2026;23:30 - 23:45;120,28
18.03.2026;23:45 - 00:00;111,75
19.03.2026;00:00 - 00:15;118,09
19.03.2026;00:15 - 00:30;113,54
19.03.2026;00:30 - 00:45;113,72
19.03.2026;00:45 - 01:00;112,62
19.03.2026;01:00 - 01:15;117,79
19.03.2026;01:15 - 01:30;117,32
19.03.2026;01:30 - 01:45;118,48
19.03.2026;01:45 - 02:00;119,08
19.03.2026;02:00 - 02:15;119,44
19.03.2026;02:15 - 02:30;118,8
19.03.2026;02:30 - 02:45;120,05
19.03.2026;02:45 - 03:00;121,96
19.03.2026;03:00 - 03:15;115,48
19.03.2026;03:15 - 03:30;118,59
19.03.2026;03:30 - 03:45;124,21
19.03.2026;03:45 - 04:00;127,92
19.03.2026;04:00 - 04:15;126,94
19.03.2026;04:15 - 04:30;128,79
19.03.2026;04:30 - 04:45;131,15
19.03.2026;04:45 - 05:00;134,12
19.03.2026;05:00 - 05:15;128,88
19.03.2026;05:15 - 05:30;134,9
19.03.2026;05:30 - 05:45;139,28
19.03.2026;05:45 - 06:00;155,86
19.03.2026;06:00 - 06:15;144,49
19.03.2026;06:15 - 06:30;165,15
19.03.2026;06:30 - 06:45;178,43
19.03.2026;06:45 - 07:00;184,78
19.03.2026;07:00 - 07:15;189,45
19.03.2026;07:15 - 07:30;177,76
19.03.2026;07:30 - 07:45;151,41
19.03.2026;07:45 - 08:00;117,03
19.03.2026;08:00 - 08:15;182,51
19.03.2026;08:15 - 08:30;152,32
19.03.2026;08:30 - 08:45;113,55
19.03.2026;08:45 - 09:00;77,75
19.03.2026;09:00 - 09:15;125
19.03.2026;09:15 - 09:30;107,32
19.03.2026;09:30 - 09:45;89,35
19.03.2026;09:45 - 10:00;60,36
19.03.2026;10:00 - 10:15;109,18
19.03.2026;10:15 - 10:30;64,63
19.03.2026;10:30 - 10:45;44,2
19.03.2026;10:45 - 11:00;23,61
19.03.2026;11:00 - 11:15;22,69
19.03.2026;11:15 - 11:30;10,58
19.03.2026;11:30 - 11:45;5,14
19.03.2026;11:45 - 12:00;3,37
19.03.2026;12:00 - 12:15;3,6
19.03.2026;12:15 - 12:30;4,41
19.03.2026;12:30 - 12:45;5,77
19.03.2026;12:45 - 13:00;6,33
19.03.2026;13:00 - 13:15;9,86
19.03.2026;13:15 - 13:30;12,58
19.03.2026;13:30 - 13:45;26,66
19.03.2026;13:45 - 14:00;34,22
19.03.2026;14:00 - 14:15;20
19.03.2026;14:15 - 14:30;60
19.03.2026;14:30 - 14:45;86,81
19.03.2026;14:45 - 15:00;117,06
19.03.2026;15:00 - 15:15;48,72
19.03.2026;15:15 - 15:30;93,43
19.03.2026;15:30 - 15:45;108,99
19.03.2026;15:45 - 16:00;132,93
19.03.2026;16:00 - 16:15;108,24
19.03.2026;16:15 - 16:30;121,96
19.03.2026;16:30 - 16:45;135,69
19.03.2026;16:45 - 17:00;160,59
19.03.2026;17:00 - 17:15;112,53
19.03.2026;17:15 - 17:30;140,29
19.03.2026;17:30 - 17:45;163,05
19.03.2026;17:45 - 18:00;181,71
19.03.2026;18:00 - 18:15;159,57
19.03.2026;18:15 - 18:30;177,49
19.03.2026;18:30 - 18:45;193,99
19.03.2026;18:45 - 19:00;198,12
19.03.2026;19:00 - 19:15;209,87
19.03.2026;19:15 - 19:30;194,98
19.03.2026;19:30 - 19:45;183,85
19.03.2026;19:45 - 20:00;173,98
19.03.2026;20:00 - 20:15;184,92
19.03.2026;20:15 - 20:30;174,59
19.03.2026;20:30 - 20:45;165,29
19.03.2026;20:45 - 21:00;153,6
19.03.2026;21:00 - 21:15;170,49
19.03.2026;21:15 - 21:30;165,2
19.03.2026;21:30 - 21:45;155,25
19.03.2026;21:45 - 22:00;137,5
19.03.2026;22:00 - 22:15;160,82
19.03.2026;22:15 - 22:30;155
19.03.2026;22:30 - 22:45;141
19.03.2026;22:45 - 23:00;134,72
19.03.2026;23:00 - 23:15;149,94
19.03.2026;23:15 - 23:30;143,36
19.03.2026;23:30 - 23:45;134,9
19.03.2026;23:45 - 00:00;129,51
20.03.2026;00:00 - 00:15;166,12
20.03.2026;00:15 - 00:30;153,74
20.03.2026;00:30 - 00:45;146,81
20.03.2026;00:45 - 01:00;142,9
20.03.2026;01:00 - 01:15;149,94
20.03.2026;01:15 - 01:30;147,07
20.03.2026;01:30 - 01:45;143,91
20.03.2026;01:45 - 02:00;142,9
20.03.2026;02:00 - 02:15;143,29
20.03.2026;02:15 - 02:30;143,32
20.03.2026;02:30 - 02:45;144,28
20.03.2026;02:45 - 03:00;145,53
20.03.2026;03:00 - 03:15;143,82
20.03.2026;03:15 - 03:30;143,95
20.03.2026;03:30 - 03:45;148,39
20.03.2026;03:45 - 04:00;147,53
20.03.2026;04:00 - 04:15;140,43
20.03.2026;04:15 - 04:30;145,85
20.03.2026;04:30 - 04:45;149,86
20.03.2026;04:45 - 05:00;159,85
20.03.2026;05:00 - 05:15;144,07
20.03.2026;05:15 - 05:30;153,37
20.03.2026;05:30 - 05:45;174,33
20.03.2026;05:45 - 06:00;183,03
20.03.2026;06:00 - 06:15;173,42
20.03.2026;06:15 - 06:30;202,18
20.03.2026;06:30 - 06:45;213,13
20.03.2026;06:45 - 07:00;219,13
20.03.2026;07:00 - 07:15;242,19
20.03.2026;07:15 - 07:30;215,93
20.03.2026;07:30 - 07:45;194,05
20.03.2026;07:45 - 08:00;158,8
20.03.2026;08:00 - 08:15;197,99
20.03.2026;08:15 - 08:30;174,23
20.03.2026;08:30 - 08:45;142,94
20.03.2026;08:45 - 09:00;112,95
20.03.2026;09:00 - 09:15;173,36
20.03.2026;09:15 - 09:30;152,4
20.03.2026;09:30 - 09:45;118,35
20.03.2026;09:45 - 10:00;113,39
20.03.2026;10:00 - 10:15;136,52
20.03.2026;10:15 - 10:30;122,39
20.03.2026;10:30 - 10:45;96,86
20.03.2026;10:45 - 11:00;92,95
20.03.2026;11:00 - 11:15;104,83
20.03.2026;11:15 - 11:30;93,49
20.03.2026;11:30 - 11:45;77,56
20.03.2026;11:45 - 12:00;68,65
20.03.2026;12:00 - 12:15;78,35
20.03.2026;12:15 - 12:30;73,17
20.03.2026;12:30 - 12:45;72,07
20.03.2026;12:45 - 13:00;64,98
20.03.2026;13:00 - 13:15;61,99
20.03.2026;13:15 - 13:30;66,23
20.03.2026;13:30 - 13:45;76,31
20.03.2026;13:45 - 14:00;85,05
20.03.2026;14:00 - 14:15;66,15
20.03.2026;14:15 - 14:30;89,73
20.03.2026;14:30 - 14:45;105,73
20.03.2026;14:45 - 15:00;124,96
20.03.2026;15:00 - 15:15;111,42
20.03.2026;15:15 - 15:30;128,01
20.03.2026;15:30 - 15:45;132,24
20.03.2026;15:45 - 16:00;149,84
20.03.2026;16:00 - 16:15;116,23
20.03.2026;16:15 - 16:30;154,6
20.03.2026;16:30 - 16:45;173,89
20.03.2026;16:45 - 17:00;197,93
20.03.2026;17:00 - 17:15;154,51
20.03.2026;17:15 - 17:30;173,36
20.03.2026;17:30 - 17:45;190,7
20.03.2026;17:45 - 18:00;228,72
20.03.2026;18:00 - 18:15;188,61
20.03.2026;18:15 - 18:30;204,51
20.03.2026;18:30 - 18:45;220,99
20.03.2026;18:45 - 19:00;224,26
20.03.2026;19:00 - 19:15;244,5
20.03.2026;19:15 - 19:30;225,81
20.03.2026;19:30 - 19:45;209,16
20.03.2026;19:45 - 20:00;194,81
20.03.2026;20:00 - 20:15;206,63
20.03.2026;20:15 - 20:30;192,02
20.03.2026;20:30 - 20:45;182,65
20.03.2026;20:45 - 21:00;171,47
20.03.2026;21:00 - 21:15;185,48
20.03.2026;21:15 - 21:30;180,78
20.03.2026;21:30 - 21:45;166,48
20.03.2026;21:45 - 22:00;158,73
20.03.2026;22:00 - 22:15;173,44
20.03.2026;22:15 - 22:30;173,88
20.03.2026;22:30 - 22:45;150,12
20.03.2026;22:45 - 23:00;143
20.03.2026;23:00 - 23:15;170,93
20.03.2026;23:15 - 23:30;163,96
20.03.2026;23:30 - 23:45;147
20.03.2026;23:45 - 00:00;143